{
  "node_name": "Acute myeloid leukaemia",
  "classes": [
    "Acute promyelocytic leukaemia",
    "Therapy-related acute myeloid leukaemia"
  ],
  "n_classes": 2,
  "dm_top_n": 50,
  "dm_script_path": "/Workspace/9900-f16b-donut/sprint3/differentialMethylation.R",
  "random_state": 42,
  "train_size": 14,
  "val_size": 3,
  "timestamp_utc": "2025-11-25T06:46:26.746360Z",
  "metrics": {
    "train": {
      "accuracy": 1.0,
      "roc_auc": 1.0,
      "brier_score": 0.05426249719937537
    },
    "val": {
      "accuracy": 1.0,
      "roc_auc": 1.0,
      "brier_score": 0.07312469106244283
    }
  },
  "best_params": {
    "modelGeneration__class_weight": null,
    "modelGeneration__max_depth": null,
    "modelGeneration__max_features": "sqrt",
    "modelGeneration__min_samples_leaf": 1,
    "modelGeneration__n_estimators": 600
  },
  "selected_probes": [
    "cg00903584",
    "cg12138695",
    "cg14446712",
    "cg05699505",
    "cg14174367",
    "cg17094249",
    "cg13251842",
    "cg18884037",
    "cg02328930",
    "cg24319902",
    "cg01583079",
    "cg26433582",
    "cg05487001",
    "cg05045228",
    "cg21186149",
    "cg17753974",
    "cg17092830",
    "cg16668180",
    "cg07988060",
    "cg06189670",
    "cg02258019",
    "cg01797381",
    "cg04138706",
    "cg11440240",
    "cg02625371",
    "cg09037887",
    "cg13742063",
    "cg19388881",
    "cg14832199",
    "cg15230985",
    "cg19988492",
    "cg09412184",
    "cg13687834",
    "cg02191659",
    "cg21363233",
    "cg03841312",
    "cg11973840",
    "cg17729249",
    "cg11320102",
    "cg23561371",
    "cg04462329",
    "cg22686195",
    "cg07099000",
    "cg27031015",
    "cg09755313",
    "cg11203041",
    "cg22643294",
    "cg23570968",
    "cg25700432",
    "cg19805377"
  ]
}