{
  "node_name": "Leukaemia",
  "classes": [
    "Myeloproliferative neoplasm",
    "Acute myeloid leukaemia",
    "Mixed phenotype acute leukaemia",
    "B-lymphoblastic leukaemia",
    "Acute undifferentiated leukaemia",
    "T-lymphoblastic leukaemia"
  ],
  "n_classes": 6,
  "dm_top_n": 50,
  "dm_script_path": "/Workspace/9900-f16b-donut/sprint3/differentialMethylation.R",
  "random_state": 42,
  "train_size": 218,
  "val_size": 55,
  "timestamp_utc": "2025-11-25T08:23:45.228720Z",
  "metrics": {
    "train": {
      "accuracy": 1.0,
      "log_loss": 0.1198508798284445,
      "brier_score": 0.004027668772368393
    },
    "val": {
      "accuracy": 0.9090909090909091,
      "log_loss": 0.2930442748189273,
      "brier_score": 0.018226027560954483
    }
  },
  "best_params": {
    "modelGeneration__class_weight": "balanced",
    "modelGeneration__max_depth": null,
    "modelGeneration__max_features": 0.3,
    "modelGeneration__min_samples_leaf": 1,
    "modelGeneration__n_estimators": 300
  },
  "selected_probes": [
    "cg09619282",
    "cg06218861",
    "cg21879479",
    "cg02241020",
    "cg05129505",
    "cg19271242",
    "cg21540802",
    "cg02194136",
    "cg06699461",
    "cg07549302",
    "cg21697378",
    "cg02867990",
    "cg20139501",
    "cg09176594",
    "cg27623978",
    "cg17643598",
    "cg22820233",
    "cg24523415",
    "cg11913482",
    "cg12203764",
    "cg15031003",
    "cg11908131",
    "cg06413192",
    "cg07641772",
    "cg26661122",
    "cg07956751",
    "cg04645556",
    "cg17509506",
    "cg17042723",
    "cg09471887",
    "cg23841297",
    "cg12741645",
    "cg07025047",
    "cg05143156",
    "cg24918667",
    "cg16037947",
    "cg23777387",
    "cg01058360",
    "cg20495843",
    "cg05231925",
    "cg07651551",
    "cg01883046",
    "cg01685428",
    "cg11815205",
    "cg22846250",
    "cg04528260",
    "cg26237275",
    "cg21800780",
    "cg06943590",
    "cg02579959",
    "cg23842109",
    "cg16736054",
    "cg16865439",
    "cg14418275",
    "cg04061704",
    "cg01060950",
    "cg19299265",
    "cg14382585",
    "cg20090869",
    "cg17123237",
    "cg25734977",
    "cg27183602",
    "cg07155211",
    "cg19658829",
    "cg08520423",
    "cg02893490",
    "cg06372633",
    "cg26189983",
    "cg04099094",
    "cg02119927",
    "cg21376004",
    "cg03290602",
    "cg14204372",
    "cg01434336",
    "cg11671771",
    "cg21489622",
    "cg19635158",
    "cg03591123",
    "cg17631184",
    "cg14548264",
    "cg00816387",
    "cg14101501",
    "cg23637372",
    "cg13505944",
    "cg15277305",
    "cg25024459",
    "cg09189890",
    "cg26621905",
    "ch.10.21102959F",
    "cg14012033",
    "cg03852957",
    "cg13634423",
    "cg15573058",
    "cg17590938",
    "cg11640756",
    "cg24897392",
    "cg19070088",
    "cg17012665",
    "cg20999912",
    "cg04516672",
    "cg14448735",
    "cg04429341",
    "cg01312999",
    "cg02968199",
    "cg17055207",
    "cg10168330",
    "cg13299324",
    "cg24678938",
    "cg09242530",
    "cg09459774",
    "cg03089865",
    "cg08913930",
    "cg21118486",
    "cg25404031",
    "cg00278472",
    "cg07558704",
    "cg12523770",
    "cg11843935",
    "cg26171271",
    "cg02939242",
    "cg20645966",
    "cg15696968",
    "cg20340870",
    "cg19583754",
    "cg10016973",
    "cg17527683",
    "cg17566716",
    "cg12604490",
    "cg22868237",
    "cg22849677",
    "cg16905438",
    "cg11798406",
    "cg05187549",
    "cg12193892",
    "cg14646311",
    "cg06217960",
    "cg21881263",
    "cg20556361",
    "cg26089367",
    "cg25914706",
    "cg01581561",
    "cg17685004",
    "cg19746896",
    "cg24272348",
    "cg12144121",
    "cg16411445",
    "cg06795419",
    "cg14741870",
    "cg11035483",
    "cg02503395",
    "cg00085199",
    "cg16676595",
    "cg21924273",
    "cg18188235",
    "cg16695453",
    "cg11031064",
    "cg03240966",
    "cg20087585",
    "cg14430111",
    "cg06204531",
    "cg19653234",
    "cg17102582",
    "cg23758016",
    "cg24720636",
    "cg23230445",
    "cg06223264",
    "cg11192257",
    "cg11324335",
    "cg20852535",
    "cg19819066",
    "cg03771296",
    "cg20228512",
    "cg01761256",
    "cg19951303",
    "cg09917446",
    "cg25097946",
    "cg03997532",
    "cg25421530",
    "cg00806198",
    "cg10473004",
    "cg12167301",
    "cg16421838",
    "cg24677222",
    "cg07639900",
    "cg04150136",
    "cg19794481",
    "cg13899320",
    "cg11129982",
    "cg00712857",
    "cg05239347",
    "cg24530943",
    "cg03597491",
    "cg12117660",
    "cg11360149",
    "cg07999887",
    "cg15725228",
    "cg20030158",
    "cg03075534",
    "cg07696842",
    "cg07976603",
    "cg04675844",
    "cg10977890",
    "cg15490095",
    "cg15424045",
    "cg04326084",
    "cg04624603",
    "cg03955252",
    "cg23338668",
    "cg25757820",
    "cg14054880",
    "cg25028848",
    "cg07448060",
    "cg10685628",
    "cg25803263",
    "cg17500342",
    "cg02015961",
    "cg21792134",
    "cg21816539",
    "cg24597457",
    "cg19867914",
    "cg10902724",
    "cg03243226",
    "cg27123392",
    "cg22793053",
    "cg06947431",
    "cg18148870",
    "cg07910010",
    "cg24711925",
    "cg14716166",
    "cg10836392",
    "cg16834953",
    "cg06147173",
    "cg12657464",
    "cg19037107",
    "cg05023507",
    "cg00167275",
    "cg11911919",
    "cg18095675",
    "cg05941925",
    "cg14249174",
    "cg13047929",
    "cg16649792",
    "cg17192520",
    "cg09902198",
    "cg23149098",
    "cg26891362",
    "cg16692249",
    "cg20484782",
    "cg23890383",
    "cg03642096",
    "cg13875734",
    "cg05869699",
    "cg09852389",
    "cg03416515",
    "cg10688481",
    "cg12446199",
    "cg02283181",
    "cg12229394",
    "cg06164961",
    "cg11771408",
    "cg05998426",
    "cg12136497",
    "cg04281169",
    "cg24306945",
    "cg13736585",
    "cg00042837",
    "cg04976477",
    "cg00117536",
    "cg21818402",
    "cg16093065",
    "cg11991412",
    "cg08060673",
    "cg23546512",
    "cg19890119",
    "cg19334336",
    "cg09081233",
    "cg14390893",
    "cg03056494",
    "cg12354861",
    "cg18696027",
    "cg20934596",
    "cg14150023",
    "cg14989202",
    "cg18887742",
    "cg23199648",
    "cg17403397",
    "cg06603943",
    "cg16597045",
    "cg15416179",
    "cg23824902",
    "cg13015616",
    "cg07245641",
    "cg06698093",
    "cg02017814",
    "cg04605590",
    "cg01884851"
  ]
}